faq_id,question,answer,procedure_id,category
general_1,Can I get surgery on the NHS?,Yes. If your condition meets NHS criteria, you can get treatment on the NHS for free. You'll be referred by your GP or specialist. The wait is typically 18-35 weeks depending on the procedure and location.,general,general
general_2,Is private surgery better quality?,Usually the same quality. Many private surgeons are the same consultants who work for the NHS. The difference is mainly speed (1-2 weeks vs 18+ weeks) and comfort (quieter clinic vs busy hospital). The surgery itself is similar.,general,general
general_3,What does the private cost include?,Usually: pre-op tests, the surgery itself, implant/device, post-op visit. It does NOT usually include: glasses/contacts after (different prescription), complications if they arise (check with clinic), follow-up care beyond the first visit.,general,general
general_4,Can I get private surgery faster if I'm in pain?,Yes. Many private clinics can offer surgery within 1-2 weeks. Some urgent cases available within days. Call the clinic directly with your situation.,general,general
general_5,What if I can't afford private?,NHS is free and will treat you—you just wait longer. Some private clinics offer payment plans (0% interest). Health insurance sometimes covers it. Ask your clinic.,general,general
general_6,Is there a risk I'm a 'bad candidate' for surgery?,Your surgeon will check this at consultation. Age alone (65+) is not a barrier—many 90-year-olds have successful surgery. Your overall health and specific condition matter more than age.,general,general
general_7,How do I know which clinic to choose?,Ask: Is the surgeon a qualified consultant? How long have they done this procedure? Will they use quality implants/devices? What's their revision rate? Call 2-3 clinics and compare.,general,general
general_8,Do I need health insurance for private?,No. You can pay directly. Some clinics offer payment plans. Health insurance (PMI) may cover it if you have it—check your policy.,general,general
cataract_1,Can I get cataract surgery on the NHS?,Yes. If you have a cataract that affects your vision, you can get it on the NHS for free. You'll be referred by your optician or GP. The wait is typically 18-24 weeks in major cities.,cataract,procedure
cataract_2,Is private cataract surgery better quality?,Usually the same quality. Many private surgeons are the same consultants who work for the NHS. The difference is mainly speed (1-2 weeks vs 18 weeks) and comfort (quieter clinic vs busy hospital). The surgery itself is similar.,cataract,procedure
hip_1,How long is the recovery after hip replacement?,Most people can walk with assistance within 24 hours. Full recovery takes 3-6 months. You'll need physical therapy and may need to use a walker or crutches initially.,hip,procedure
hip_2,What are the risks of hip replacement?,As with any surgery, there are risks including infection, blood clots, and complications. Your surgeon will discuss all risks with you before surgery. For most people, the benefits outweigh the risks.,hip,procedure
knee_1,How long is the recovery after knee replacement?,Most people can walk with assistance within 24 hours. Full recovery takes 3-6 months. You'll need physical therapy and may need to use a walker or crutches initially.,knee,procedure
knee_2,What are the risks of knee replacement?,As with any surgery, there are risks including infection, blood clots, and complications. Your surgeon will discuss all risks with you before surgery. For most people, the benefits outweigh the risks.,knee,procedure

